Image,Description,1er Acorde,2do Acorde,3er Acorde
https://i0.wp.com/www.mercadoseguroweb.com/wp-content/uploads/2022/02/ANTONIO-BANDERAS-KING-OF-SEDUCTION-200ML_Mesa-de-trabajo-1.jpg?fit=1090%2C1080&ssl=1,"King of Seduction de Antonio Banderas es una fragancia de la familia olfativa Amaderada Aromática para Hombres. King of Seduction se lanzó en 2014. La Nariz detrás de esta fragrancia es Olivier Cresp. Las Notas de Salida son piña, bergamota, melón, toronja (pomelo) y manzana verde; las Notas de Corazón son notas marinas, jazmín, cardamomo y neroli; las Notas de Fondo son vetiver, almizcle blanco, gamuza, cedro y ámbar. ",aromático,cítrico,afrutados
https://fraguru.com/mdimg/perfume/375x500.31525.jpg,"King of Seduction Absolute de Antonio Banderas es una fragancia de la familia olfativa Amaderada Aromática para Hombres. King of Seduction Absolute se lanzó en 2015. Las Notas de Salida son toronja (pomelo), toronja (pomelo), ajenjo (absenta) y almendras verdes; las Notas de Corazón son notas marinas, lavanda y cardamomo; las Notas de Fondo son cuero, musgo de roble y vetiver. ",aromático,cítrico,marino
https://i0.wp.com/www.mercadoseguroweb.com/wp-content/uploads/2022/02/ANTONIO-BANDERAS-KING-OF-SEDUCTION-200ML_Mesa-de-trabajo-1.jpg?fit=1090%2C1080&ssl=1,"King of Seduction de Antonio Banderas es una fragancia de la familia olfativa Amaderada Aromática para Hombres. King of Seduction se lanzó en 2014. La Nariz detrás de esta fragrancia es Olivier Cresp. Las Notas de Salida son piña, bergamota, melón, toronja (pomelo) y manzana verde; las Notas de Corazón son notas marinas, jazmín, cardamomo y neroli; las Notas de Fondo son vetiver, almizcle blanco, gamuza, cedro y ámbar. ",aromático,cítrico,afrutados
https://fraguru.com/mdimg/perfume/375x500.51087.jpg,"Power of Seduction de Antonio Banderas es una fragancia de la familia olfativa Aromática Verde para Hombres. Power of Seduction se lanzó en 2018. Las Notas de Salida son manzana y bergamota; las Notas de Corazón son lavanda, abrótano y esclarea; las Notas de Fondo son notas amaderadas, musgo, haba tonka, ámbar y pachulí. ",aromático,amaderado,fresco especiado
https://fraguru.com/mdimg/perfume/375x500.51087.jpg,"Power of Seduction de Antonio Banderas es una fragancia de la familia olfativa Aromática Verde para Hombres. Power of Seduction se lanzó en 2018. Las Notas de Salida son manzana y bergamota; las Notas de Corazón son lavanda, abrótano y esclarea; las Notas de Fondo son notas amaderadas, musgo, haba tonka, ámbar y pachulí.",aromático,amaderado,fresco especiado
https://fraguru.com/mdimg/perfume/375x500.64487.jpg,The Icon de Antonio Banderas es una fragancia de la familia olfativa Ámbar Amaderada para Hombres. The Icon se lanzó en 2020. Las Notas de Salida son toronja (pomelo) y pimienta negra; las Notas de Corazón son lavanda y salvia; las Notas de Fondo son musgo de roble y sándalo. ,fresco especiado,aromático,cítrico
https://fraguru.com/mdimg/perfume/375x500.64487.jpg,The Icon de Antonio Banderas es una fragancia de la familia olfativa Ámbar Amaderada para Hombres. The Icon se lanzó en 2020. Las Notas de Salida son toronja (pomelo) y pimienta negra; las Notas de Corazón son lavanda y salvia; las Notas de Fondo son musgo de roble y sándalo. ,fresco especiado,aromático,cítrico
https://fraguru.com/mdimg/perfume/375x500.54005.jpg,"Authentic Woman de Abercrombie & Fitch es una fragancia de la familia olfativa Almizcle Floral Amaderado para Mujeres. Authentic Woman se lanzó en 2019. La Nariz detrás de esta fragrancia es Clement Gavarry. Las Notas de Salida son pera, grosella roja y mandarina; las Notas de Corazón son nectarina, magnolia y lirio de los valles (muguete); las Notas de Fondo son almizcle ambreta, cedro y sándalo. ",afrutados,florales,dulce
https://fraguru.com/mdimg/perfume/375x500.61859.jpg,"Authentic Night Femme de Abercrombie & Fitch es una fragancia de la familia olfativa Chipre Floral para Mujeres. Authentic Night Femme se lanzó en 2020. Las Notas de Salida son grosellas negras, manzana y pimienta rosa; las Notas de Corazón son nardos, jazmín sambac (sampaguita) y magnolia; las Notas de Fondo son pachulí, sándalo y cedro. ",amaderado,afrutados,floral blanco
https://fraguru.com/mdimg/perfume/375x500.3508.jpg,"Fierce de Abercrombie & Fitch es una fragancia de la familia olfativa Amaderada Aromática para Hombres. Fierce se lanzó en 2002. Fierce fue creada por Christophe Laudamiel y Bruno Jovanovic. Las Notas de Salida son abeto, limón (lima ácida), naranja, cardamomo, petit grain y notas marinas; las Notas de Corazón son romero, lirio de los valles (muguete), jazmín, rosa y salvia; las Notas de Fondo son almizcle, vetiver, musgo de roble, palo de rosa de Brasil y sándalo. ",aromático,amaderado,cítrico
https://fraguru.com/mdimg/perfume/375x500.37753.jpg,"First Instinct de Abercrombie & Fitch es una fragancia de la familia olfativa Aromática Fougère para Hombres. First Instinct se lanzó en 2016. La Nariz detrás de esta fragrancia es Phillippe Romano. Las Notas de Salida son melón, agua tónica y ginebra; las Notas de Corazón son hojas de violeta, pimienta de Sichuan y cítricos; las Notas de Fondo son almizcle, gamuza y ámbar. ",ozónico,acuático,aromático
https://fraguru.com/mdimg/perfume/375x500.31424.jpg,"Colonia Club de Acqua di Parma es una fragancia de la familia olfativa Amaderada Aromática para Hombres y Mujeres. Colonia Club se lanzó en 2015. Las Notas de Salida son menta, bergamota, neroli, limón (lima ácida), petit grain y mandarina; las Notas de Corazón son lavanda, geranio y gálbano; las Notas de Fondo son vetiver de Haití, ámbar gris y almizcle. ",aromático,verde,cítrico
https://fraguru.com/mdimg/perfume/375x500.1681.jpg,Acqua di Parma Colonia de Acqua di Parma es una fragancia de la familia olfativa Cítrica para Hombres y Mujeres. Acqua di Parma Colonia se lanzó en 1916. ,cítrico,aromático,fresco especiado
https://fraguru.com/mdimg/perfume/375x500.1684.jpg,"Colonia Intensa de Acqua di Parma es una fragancia de la familia olfativa Amaderada para Hombres. Colonia Intensa se lanzó en 2007. Colonia Intensa fue creada por Alberto Morillas y François Demachy. Las Notas de Salida son bergamota de Calabria, jengibre, cardamomo y limón siciliano (lima siciliana); las Notas de Corazón son neroli, abrótano y mirto; las Notas de Fondo son cuero, cedro, benjuí, almizcle y pachulí. ",cítrico,cálido especiado,aromático
https://cdn.fragrancenet.com/images/photos/300x300/429113.jpg,"El extraordinario aroma de Amber Oud es una fragancia clásica para mujeres y hombres de la casa de diseño Al Haramain. Al principio se perciben aromas cautivadores de limón, bergamota, hojas de madera de cedro y romero. Las notas de madera de gaiac, madera de cedro y especias son encantadoras en el corazón, mientras que las notas de almizcle, bálsamo y ámbar son extravagantes en la base.",madera de cedro,almizcle,bálsamo
https://fraguru.com/mdimg/perfume/375x500.73208.jpg,"Amber Oud Ruby Edition de Al Haramain Perfumes es una fragancia de la familia olfativa para Hombres y Mujeres. Esta fragrancia es nueva. Amber Oud Ruby Edition se lanzó en 2022. Las Notas de Salida son azafrán y almendra amarga; las Notas de Corazón son jazmín egipcio y cedro; las Notas de Fondo son ámbar gris, notas amaderadas y almizcle. ",ámbar,amaderado,cálido especiado
https://fraguru.com/mdimg/perfume/375x500.55791.jpg,"Amber Oud Tobacco Edition de Al Haramain Perfumes es una fragancia de la familia olfativa Ámbar Especiada para Hombres y Mujeres. Amber Oud Tobacco Edition se lanzó en 2019. Las Notas de Salida son hojas de tabaco, canela, pimienta negra y jengibre; las Notas de Corazón son vainilla, clavos de olor, anís estrellado, cacao, haba tonka y incienso; las Notas de Fondo son tabaco, frutos secos y notas amaderadas. ",cálido especiado,dulce,avainillado
https://fraguru.com/mdimg/perfume/375x500.73210.jpg,"Amber Oud White Edition de Al Haramain Perfumes es una fragancia de la familia olfativa Chipre Floral para Hombres y Mujeres. Esta fragrancia es nueva. Amber Oud White Edition se lanzó en 2022. Las Notas de Salida son naranja y bergamota; las Notas de Corazón son jazmín, rosa, fresia y ciclamen (violeta persa); las Notas de Fondo son pachulí, almizcle, vainilla y vetiver. ",cítrico,pachulí,floral blanco
https://fraguru.com/mdimg/perfume/375x500.78008.jpg,"Melodie de Orientica de Orientica es una fragancia de la familia olfativa para Mujeres. Esta fragrancia es nueva. Melodie de Orientica se lanzó en 2022. Las Notas de Salida son petit grain, neroli, bergamota y Frutas rojas; las Notas de Corazón son flor de azahar del naranjo, cardamomo, canela, jazmín y rosa; las Notas de Fondo son malvavisco (bombón), vainilla, almizcle y praliné. ",floral blanco,cítrico,dulce
https://fraguru.com/mdimg/perfume/375x500.78006.jpg,Arte Bellisimo Exotic de Orientica es una fragancia de la familia olfativa para Mujeres. Esta fragrancia es nueva. Arte Bellisimo Exotic se lanzó en 2022. ,,,
https://fraguru.com/mdimg/perfume/375x500.78007.jpg,"Arte Bellisimo Romantic de Orientica es una fragancia de la familia olfativa para Mujeres. Esta fragrancia es nueva. Arte Bellisimo Romantic se lanzó en 2022. Las Notas de Salida son nuez moscada, bergamota, toronja (pomelo) y flor del duraznero (flor del melocotonero); las Notas de Corazón son rosa, peonía rosa y violeta; las Notas de Fondo son almizcle, vetiver, benjuí y ámbar. ",fresco especiado,rosas,cítrico
https://fraguru.com/mdimg/perfume/375x500.76887.jpg,"Fleur de Orientica de Orientica es una fragancia de la familia olfativa para Mujeres. Esta fragrancia es nueva. Fleur de Orientica se lanzó en 2022. Las Notas de Salida son naranja tangerina, Flores de agua y bergamota; las Notas de Corazón son Té de frutas y durazno blanco (melocotón blanco); las Notas de Fondo son almizcle, haba tonka y rosa blanca. ",cítrico,almizclado,florales
https://fraguru.com/mdimg/perfume/375x500.69360.jpg,"Imperial Gold de Orientica es una fragancia de la familia olfativa Amaderada Aromática para Hombres. Imperial Gold se lanzó en 2021. Las Notas de Salida son cítricos, bergamota y lima (limón verde); las Notas de Corazón son hojas de violeta, Té del jazmín y lavanda; las Notas de Fondo son sándalo, ámbar gris y almizcle. ",cítrico,fresco especiado,
https://fraguru.com/mdimg/perfume/375x500.69364.jpg,Amber Rouge de Orientica es una fragancia de la familia olfativa Amaderada Especiada para Hombres y Mujeres. Amber Rouge se lanzó en 2021. Las Notas de Salida son azafrán y jazmín; las Notas de Corazón son Amberwood y ámbar gris; las Notas de Fondo son cedro y resina de abeto. ,ámbar,amaderado,cálido especiado
https://fraguru.com/mdimg/perfume/375x500.69362.jpg,"Royal Amber de Orientica es una fragancia de la familia olfativa Ámbar Vainilla para Hombres y Mujeres. Royal Amber se lanzó en 2021. Las Notas de Salida son bergamota y notas verdes; las Notas de Corazón son notas dulces, ámbar, melón y piña; las Notas de Fondo son notas amaderadas, almizcle y vainilla. ",dulce,amaderado,almizclado
https://fraguru.com/mdimg/perfume/375x500.78001.jpg,"Royal Bleu de Orientica es una fragancia de la familia olfativa para Hombres y Mujeres. Esta fragrancia es nueva. Royal Bleu se lanzó en 2022. Las Notas de Salida son manzana verde, lavanda, pimienta, bergamota y mandarina; las Notas de Corazón son cardamomo, violeta, jazmín y geranio; las Notas de Fondo son sándalo, madera de gaiac, pachulí, vainilla y almizcle. ",amaderado,cálido especiado,fresco especiado
https://fraguru.com/mdimg/perfume/375x500.75641.jpg,"Velvet Gold de Orientica es una fragancia de la familia olfativa Floral para Mujeres. Esta fragrancia es nueva. Velvet Gold se lanzó en 2022. Las Notas de Salida son pimienta rosa, caramelo, violeta y bergamota; las Notas de Corazón son pachulí, rosa y notas atalcadas; las Notas de Fondo son almizcle, vainilla y Notas de animal. ",atalcado,almizclado,caramelo
https://fraguru.com/mdimg/perfume/375x500.78036.jpg,"Xclusif Oud Bleu de Orientica es una fragancia de la familia olfativa para Hombres y Mujeres. Esta fragrancia es nueva. Xclusif Oud Bleu se lanzó en 2022. Las Notas de Salida son bergamota, lavanda, manzana verde, mandarina y pimienta; las Notas de Corazón son violeta, jazmín, geranio y cardamomo; las Notas de Fondo son pachulí, madera de gaiac, sándalo, vainilla y almizcle. ",fresco especiado,amaderado,cálido especiado
https://fraguru.com/mdimg/perfume/375x500.78039.jpg,"Xclusif Oud Classic de Orientica es una fragancia de la familia olfativa para Hombres y Mujeres. Esta fragrancia es nueva. Xclusif Oud Classic se lanzó en 2022. Las Notas de Salida son bergamota y notas verdes; las Notas de Corazón son melón, piña y Acuerdo goloso; las Notas de Fondo son notas amaderadas, vainilla y almizcle. ",dulce,afrutados,verde
https://fraguru.com/mdimg/perfume/375x500.78037.jpg,"Xclusif Oud Emerald de Orientica es una fragancia de la familia olfativa para Hombres y Mujeres. Esta fragrancia es nueva. Xclusif Oud Emerald se lanzó en 2022. Las Notas de Salida son gálbano, bergamota, jengibre y flor del mandarino; las Notas de Corazón son hoja de laurel, jazmín y menta; las Notas de Fondo son musgo de roble, sándalo, almizcle y ámbar. ",verde,aromático,fresco especiado
https://cdn2.jomashop.com/media/catalog/product/cache/fde19e4197824625333be074956e7640/o/r/orientica-xo-xclusif-oud-rouge-edp-spray-20-oz-fragrances-6297001158043.jpg?width=546&height=546,"Azahar, Ciprés, Lavanda, Azafrán. Notas de corazón: naranja, especiado, cedro, musgo de roble.",Tonka,Amaderado,Ámbar
https://fraguru.com/mdimg/perfume/375x500.78038.jpg,"Xclusif Oud Sport de Orientica es una fragancia de la familia olfativa para Hombres y Mujeres. Esta fragrancia es nueva. Xclusif Oud Sport se lanzó en 2022. Las Notas de Salida son lavanda, ciprés, azafrán y flor de azahar del naranjo; las Notas de Corazón son especias, cedro, musgo de roble y naranja; las Notas de Fondo son ámbar, haba tonka, jazmín y notas amaderadas. ",amaderado,cálido especiado,cítrico
https://fraguru.com/mdimg/perfume/375x500.53636.jpg,"Portfolio Floral Sculpture de Al Haramain Perfumes es una fragancia de la familia olfativa Ámbar Floral para Hombres y Mujeres. Portfolio Floral Sculpture se lanzó en 2019. Las Notas de Salida son clavel, peonía y bergamota; las Notas de Corazón son rosa y pachulí; las Notas de Fondo son ámbar, ámbar gris, almizcle y benjuí. ",ámbar,rosas,florales
https://fraguru.com/mdimg/perfume/375x500.53265.jpg,"Portfolio Neroli Canvas de Al Haramain Perfumes es una fragancia de la familia olfativa Almizcle Floral Amaderado para Hombres y Mujeres. Portfolio Neroli Canvas se lanzó en 2018. Las Notas de Salida son bergamota, limón (lima ácida) y petit grain; las Notas de Corazón son neroli y flor de azahar del naranjo; las Notas de Fondo son almizcle, ámbar y cedro. ",cítrico,floral blanco,aromático
https://fraguru.com/mdimg/perfume/375x500.78009.jpg,"Rosé de Orientica de Orientica es una fragancia de la familia olfativa para Mujeres. Esta fragrancia es nueva. Rosé de Orientica se lanzó en 2022. Las Notas de Salida son rosa, almizcle y notas florales; las Notas de Corazón son ámbar gris, flor del duraznero (flor del melocotonero) y agujas de pino; las Notas de Fondo son ámbar, almizcle y Madera seca. ",ámbar,rosas,florales
https://fraguru.com/mdimg/perfume/375x500.5919.jpg,"Animale de Animale es una fragancia de la familia olfativa Chipre para Mujeres. Animale se lanzó en 1987. Las Notas de Salida son cilantro, palo de rosa de Brasil, jacinto, notas verdes, bergamota y neroli; las Notas de Corazón son miel, rosa, clavel, ylang-ylang, jazmín, raíz de lirio y lirio de los valles (muguete); las Notas de Fondo son musgo de roble, algalia (civet), pachulí, vetiver, almizcle y coco. ",amaderado,florales,terrosos
https://fraguru.com/mdimg/perfume/375x500.113.jpg,"Aramis de Aramis es una fragancia de la familia olfativa Amaderada Chipre para Hombres. Aramis se lanzó en 1966. La Nariz detrás de esta fragrancia es Bernard Chant. Las Notas de Salida son aldehídos, mirra, abrótano, trébol blanco, tomillo, bergamota y gardenia; las Notas de Corazón son pachulí, salvia, jazmín, cardamomo y raíz de lirio; las Notas de Fondo son cuero, musgo de roble, almizcle, vetiver, sándalo, ámbar y coco. ",aromático,amaderado,terrosos
https://fraguru.com/mdimg/perfume/375x500.31661.jpg,"Ari de Ariana Grande es una fragancia de la familia olfativa Floral Frutal Gourmand para Mujeres. Ari se lanzó en 2015. Las Notas de Salida son frambuesa, pera y toronja (pomelo); las Notas de Corazón son orquídea de vainilla, rosa y lirio de los valles (muguete); las Notas de Fondo son malvavisco (bombón), almizcle y notas amaderadas. ",dulce,afrutados,atalcado
https://fraguru.com/mdimg/perfume/375x500.31661.jpg,"Ari de Ariana Grande es una fragancia de la familia olfativa Floral Frutal Gourmand para Mujeres. Ari se lanzó en 2015. Las Notas de Salida son frambuesa, pera y toronja (pomelo); las Notas de Corazón son orquídea de vainilla, rosa y lirio de los valles (muguete); las Notas de Fondo son malvavisco (bombón), almizcle y notas amaderadas. ",dulce,afrutados,atalcado
https://fraguru.com/mdimg/perfume/375x500.68664.jpg,God Is A Woman de Ariana Grande es una fragancia de la familia olfativa Ámbar Floral para Mujeres. God Is A Woman se lanzó en 2021. La Nariz detrás de esta fragrancia es Jérôme Epinette. Las Notas de Salida son pera y almizcle ambreta; las Notas de Corazón son raíz de lirio y rosa turca; las Notas de Fondo son vainilla de Madagascar y sándalo. ,afrutados,dulce,avainillado
https://fraguru.com/mdimg/perfume/375x500.78474.jpg,"Club de Nuit White Imperiale de Armaf es una fragancia de la familia olfativa para Mujeres. Esta fragrancia es nueva. Club de Nuit White Imperiale se lanzó en 2022. Las Notas de Salida son lichi, nuez moscada y bergamota; las Notas de Corazón son rosa turca, vainilla, almizcle y peonía; las Notas de Fondo son vainilla, cachemira, incienso y cedro. ",rosas,florales,atalcado
https://fraguru.com/mdimg/perfume/375x500.50329.jpg,"Eternia Women de Armaf es una fragancia de la familia olfativa Ámbar Floral para Mujeres. Las Notas de Salida son naranja amarga, flor de azahar del naranjo y limón (lima ácida); las Notas de Corazón son almendra, geranio y rosa; las Notas de Fondo son vainilla, haba tonka y sándalo. ",avainillado,cítrico,dulce
https://fraguru.com/mdimg/perfume/375x500.83138.jpg,"Venetian Girl From Venice With Love de Armaf es una fragancia de la familia olfativa para Mujeres. Esta fragrancia es nueva. Venetian Girl From Venice With Love se lanzó en 2023. Las Notas de Salida son bergamota, lichi y pera; las Notas de Corazón son notas florales, peonía, rosa y lirio de los valles (muguete); las Notas de Fondo son vetiver y almizcle. ",florales,fresco,rosas
https://fraguru.com/mdimg/perfume/375x500.82031.jpg,"Venetian Girl Edition Rogue de Armaf es una fragancia de la familia olfativa para Mujeres. Esta fragrancia es nueva. Venetian Girl Edition Rogue se lanzó en 2023. Las Notas de Salida son bergamota, lichi, ruibarbo y pera; las Notas de Corazón son rosa, lirio de los valles (muguete), peonía y notas florales; las Notas de Fondo son almizcle, notas amaderadas y vetiver. ",afrutados,fresco,verde
https://fraguru.com/mdimg/perfume/375x500.77863.jpg,"Venetian Gold de Armaf es una fragancia de la familia olfativa para Hombres y Mujeres. Esta fragrancia es nueva. Venetian Gold se lanzó en 2022. Las Notas de Salida son maracuyá (fruta de la pasión), rosa y bergamota; las Notas de Corazón son notas afrutadas, tomillo y Hojas de cedro; las Notas de Fondo son cachemira, pachulí, almizcle y sándalo. ",amaderado,almizclado,atalcado
https://fraguru.com/mdimg/perfume/375x500.410.jpg,"Acqua di Gio de Giorgio Armani es una fragancia de la familia olfativa Aromática Acuática para Hombres. Acqua di Gio se lanzó en 1996. Acqua di Gio fue creada por Alberto Morillas, Annick Menardo y Christian Dussoulier. Las Notas de Salida son lima (limón verde), limón (lima ácida), bergamota, jazmín, naranja, mandarina y neroli; las Notas de Corazón son notas marinas, jazmín, calone, durazno (melocotón), fresia, romero, jacinto, ciclamen (violeta persa), violeta, cilantro, nuez moscada, rosa y reseda (miñoneta); las Notas de Fondo son almizcle blanco, cedro, musgo de roble, pachulí y ámbar. ",cítrico,aromático,marino
https://fraguru.com/mdimg/perfume/375x500.29727.jpg,"Acqua di Giò Profumo de Giorgio Armani es una fragancia de la familia olfativa Aromática Acuática para Hombres. Acqua di Giò Profumo se lanzó en 2015. La Nariz detrás de esta fragrancia es Alberto Morillas. Las Notas de Salida son notas marinas y bergamota; las Notas de Corazón son romero, salvia y geranio; las Notas de Fondo son incienso y pachulí. ",aromático,marino,fresco especiado
https://fraguru.com/mdimg/perfume/375x500.8442.jpg,"Acqua di Gioia de Giorgio Armani es una fragancia de la familia olfativa Floral Acuática para Mujeres. Acqua di Gioia se lanzó en 2010. Acqua di Gioia fue creada por Loc Dong, Anne Flipo y Dominique Ropion. Las Notas de Salida son limón de Amalfi (lima de Amalfi) y menta; la Nota de Corazón es jazmín de agua; las Notas de Fondo son cedro de Virginia, ládano francés y azúcar moreno. ",aromático,cítrico,verde
https://fraguru.com/mdimg/perfume/375x500.413.jpg,"Armani Code for Women de Giorgio Armani es una fragancia de la familia olfativa Floral para Mujeres. Armani Code for Women se lanzó en 2006. Armani Code for Women fue creada por Carlos Benaim, Dominique Ropion y Olivier Polge. Las Notas de Salida son naranja italiana, jazmín y naranja amarga; las Notas de Corazón son jazmín, flor de azahar del naranjo y jengibre; las Notas de Fondo son miel, vainilla y sándalo. ",cítrico,floral blanco,dulce
https://fraguru.com/mdimg/perfume/375x500.412.jpg,"Armani Code de Giorgio Armani es una fragancia de la familia olfativa Ámbar Especiada para Hombres. Armani Code se lanzó en 2004. La Nariz detrás de esta fragrancia es Antoine Lie. Las Notas de Salida son limón (lima ácida) y bergamota; las Notas de Corazón son anís estrellado, flor del olivo y madera de gaiac; las Notas de Fondo son cuero, haba tonka y tabaco. Este perfume es el ganador del premio FiFi Award Fragrance Of The Year Men`s Luxe 2006.",cítrico,cuero,anís
https://fraguru.com/mdimg/perfume/375x500.62036.jpg,"My Way de Giorgio Armani es una fragancia de la familia olfativa Floral para Mujeres. My Way se lanzó en 2020. My Way fue creada por Carlos Benaim y Bruno Jovanovic. Las Notas de Salida son flor de azahar del naranjo y bergamota; las Notas de Corazón son nardos y jazmín de la India; las Notas de Fondo son vainilla de Madagascar, almizcle blanco y cedro de Virginia. ",floral blanco,nardos,cítrico
https://fraguru.com/mdimg/perfume/375x500.829.jpg,"Azzaro pour Homme de Azzaro es una fragancia de la familia olfativa Aromática Fougère para Hombres. Azzaro pour Homme se lanzó en 1978. Azzaro pour Homme fue creada por Gerard Anthony y Richard Wirtz. Las Notas de Salida son lavanda, limón (lima ácida), alcaravea, albahaca, bergamota, esclarea, iris y anís estrellado; las Notas de Corazón son vetiver, sándalo, pachulí, cedro, bayas de enebro y cardamomo; las Notas de Fondo son musgo de roble, cuero, ámbar, almizcle y haba tonka. ",aromático,amaderado,fresco especiado
https://fraguru.com/mdimg/perfume/375x500.2505.jpg,"B. United Woman de Benetton es una fragancia de la familia olfativa Ámbar Floral para Mujeres. B. United Woman se lanzó en 2004. La Nariz detrás de esta fragrancia es Christophe Raynaud. Las Notas de Salida son bayas rojas, grosellas negras y bergamota de Sicilia; las Notas de Corazón son flor del algodonero, naranja, fresia, peonía y rosa; las Notas de Fondo son vainilla, frambuesa, sándalo, cedro y almizcle. ",afrutados,florales,atalcado
https://fraguru.com/mdimg/perfume/375x500.2535.jpg,"Tribu de Benetton es una fragancia de la familia olfativa Floral para Mujeres. Tribu se lanzó en 1993. La Nariz detrás de esta fragrancia es Bernard Ellena. Las Notas de Salida son grosellas negras, mandarina italiana y hojas de violeta; las Notas de Corazón son manzanilla, jazmín de Marruecos, ylang-ylang, geranio y rosa de Bulgaria (rosa Damascena de Bulgaria); las Notas de Fondo son musgo de roble, benjuí, vetiver de Tahití y sándalo. ",amaderado,afrutados,aromático
https://fraguru.com/mdimg/perfume/375x500.59499.jpg,"Colors de Benetton Man Blue de Benetton es una fragancia de la familia olfativa Aromática Acuática para Hombres. Colors de Benetton Man Blue se lanzó en 2018. Las Notas de Salida son tequila y limón (lima ácida); la Nota de Corazón es melón; las Notas de Fondo son almizcle, enebro de Virginia y vetiver de Haití. ",aromático,ozónico,fresco
https://fraguru.com/mdimg/perfume/375x500.59498.jpg,Colors de Benetton Man Green de Benetton es una fragancia de la familia olfativa Amaderada para Hombres. Colors de Benetton Man Green se lanzó en 2018. La Nota de Salida es bergamota; la Nota de Corazón es cilantro; las Notas de Fondo son cedro y moras azules. ,amaderado,aromático,cítrico
https://fraguru.com/mdimg/perfume/375x500.66102.jpg,Sisterland Green Jasmine de Benetton es una fragancia de la familia olfativa Floral Frutal para Mujeres. Sisterland Green Jasmine se lanzó en 2021. Las Notas de Salida son naranja tangerina y pera; las Notas de Corazón son jazmín y flor de azahar del naranjo; las Notas de Fondo son vainilla y almizcle. ,floral blanco,cítrico,dulce
https://fraguru.com/mdimg/perfume/375x500.66101.jpg,Sisterland Red Rose de Benetton es una fragancia de la familia olfativa Floral Frutal para Mujeres. Sisterland Red Rose se lanzó en 2021. Las Notas de Salida son durazno (melocotón) y toronja (pomelo); las Notas de Corazón son flor de iris y rosa; las Notas de Fondo son praliné y ámbar. ,dulce,ámbar,iris
https://fraguru.com/mdimg/perfume/375x500.77611.jpg,"We Are Tribe de Benetton es una fragancia de la familia olfativa Amaderada Aromática para Hombres. Esta fragrancia es nueva. We Are Tribe se lanzó en 2022. La Nariz detrás de esta fragrancia es Bérénice Watteau. Las Notas de Salida son kumquat (naranja enana), toronja (pomelo) y pimienta rosa; las Notas de Corazón son cedrón (hierba luisa, verbena de olor), haba tonka y lavanda; las Notas de Fondo son vetiver, cipriol (nagarmota) y ámbar. ",cítrico,aromático,amaderado
https://fraguru.com/mdimg/perfume/375x500.79503.jpg,"Don de Bharara es una fragancia de la familia olfativa Amaderada Especiada para Hombres. Don se lanzó en 2021. Las Notas de Salida son piña, bergamota y pimienta; las Notas de Corazón son clavo de olor, pera y cardamomo; las Notas de Fondo son almizcle, pachulí y sándalo. ",cálido especiado,amaderado,afrutados
https://fraguru.com/mdimg/perfume/375x500.74184.jpg,"King de Bharara es una fragancia de la familia olfativa Aromática para Hombres. King se lanzó en 2021. Las Notas de Salida son naranja, limón (lima ácida) y bergamota; la Nota de Corazón es notas afrutadas; las Notas de Fondo son vainilla, almizcle blanco y ámbar. ",afrutados,cítrico,avainillado
https://fraguru.com/mdimg/perfume/375x500.79504.jpg,Niche Femme de Bharara es una fragancia de la familia olfativa Floral para Mujeres. Niche Femme se lanzó en 2021. La Nota de Salida es frutas; las Notas de Corazón son incienso y rosa turca; las Notas de Fondo son sándalo y vainilla. ,afrutados,ámbar,amaderado
https://fraguru.com/mdimg/perfume/375x500.79501.jpg,"Niche de Bharara es una fragancia de la familia olfativa Floral para Hombres y Mujeres. Niche se lanzó en 2021. Las Notas de Salida son cítricos y enebro de Virginia; las Notas de Corazón son jazmín, chocolate y abeto balsámico; las Notas de Fondo son Amberwood y musgo. ",amaderado,floral blanco,ámbar
https://fraguru.com/mdimg/perfume/375x500.56778.jpg,"Gold Coast de Bond No 9 es una fragancia de la familia olfativa Floral para Mujeres. Gold Coast se lanzó en 2019. La Nariz detrás de esta fragrancia es Michel Almairac. Las Notas de Salida son lichi, manzana roja y chabacano; las Notas de Corazón son sandía y rosa francesa; las Notas de Fondo son almizcle, cedro y vainilla. ",afrutados,acuático,ozónico
https://fraguru.com/mdimg/perfume/375x500.38710.jpg,"Madison Avenue Swarovski Limited Edition de Bond No 9 es una fragancia de la familia olfativa Chipre Floral para Mujeres. Madison Avenue Swarovski Limited Edition se lanzó en 2016. Las Notas de Salida son grosellas negras, bergamota y manzana; las Notas de Corazón son jazmín, magnolia y rosa; las Notas de Fondo son praliné, ambroxan y pachulí. ",dulce,florales,afrutados
https://fraguru.com/mdimg/perfume/375x500.43635.jpg,"Nolita de Bond No 9 es una fragancia de la familia olfativa Almizcle Floral Amaderado para Mujeres. Nolita se lanzó en 2017. Las Notas de Salida son naranja tangerina y fresia; las Notas de Corazón son azucena, jazmín sambac (sampaguita) y rosa; las Notas de Fondo son almizcle, ámbar y sándalo. ",floral blanco,florales,cítrico
https://fraguru.com/mdimg/perfume/375x500.1304.jpg,The Scent Of Peace de Bond No 9 es una fragancia de la familia olfativa Almizcle Floral Amaderado para Mujeres. The Scent Of Peace se lanzó en 2006. La Nariz detrás de esta fragrancia es Michel Almairac. Las Notas de Salida son grosellas negras y toronja (pomelo); la Nota de Corazón es lirio de los valles (muguete); las Notas de Fondo son almizcle y cedro de Virginia. ,afrutados,cítrico,amaderado
https://fraguru.com/mdimg/perfume/375x500.1298.jpg,West Side de Bond No 9 es una fragancia de la familia olfativa Almizcle Floral Amaderado para Hombres y Mujeres. West Side se lanzó en 2006. La Nariz detrás de esta fragrancia es Michel Almairac. ,rosas,florales,atalcado
https://fraguru.com/mdimg/perfume/375x500.1410.jpg,"Believe de Britney Spears es una fragancia de la familia olfativa Floral Frutal para Mujeres. Believe se lanzó en 2007. Las Notas de Salida son guayaba y naranja tangerina; las Notas de Corazón son flor de azahar del limero y madreselva; las Notas de Fondo son pachulí, praliné y ámbar. ",afrutados,pachulí,dulce
https://fraguru.com/mdimg/perfume/375x500.6733.jpg,"Circus Fantasy de Britney Spears es una fragancia de la familia olfativa Floral Frutal para Mujeres. Circus Fantasy se lanzó en 2009. Las Notas de Salida son frambuesa, azúcar y flor del albaricoquero; las Notas de Corazón son orquídea, peonía y nenúfar (lirio de agua); las Notas de Fondo son notas dulces, vainilla, almizcle, violeta y notas amaderadas. ",dulce,florales,afrutados
https://fraguru.com/mdimg/perfume/375x500.141.jpg,"Curious de Britney Spears es una fragancia de la familia olfativa Floral para Mujeres. Curious se lanzó en 2004. La Nariz detrás de esta fragrancia es Claude Dir. Las Notas de Salida son magnolia, pera y flor de loto; las Notas de Corazón son jazmín, nardos y ciclamen (violeta persa); las Notas de Fondo son almizcle, vainilla, maderas blancas y sándalo. ",florales,floral blanco,acuático
https://fraguru.com/mdimg/perfume/375x500.69480.jpg,Electric Fantasy de Britney Spears es una fragancia de la familia olfativa para Mujeres. Electric Fantasy se lanzó en 2021. Las Notas de Salida son maracuyá (fruta de la pasión) y pimienta rosa; las Notas de Corazón son heliotropo y jazmín; las Notas de Fondo son benjuí y ambroxan. ,tropical,dulce,afrutados
https://fraguru.com/mdimg/perfume/375x500.600.jpg,"Fantasy de Britney Spears es una fragancia de la familia olfativa Floral Frutal Gourmand para Mujeres. Fantasy se lanzó en 2005. La Nariz detrás de esta fragrancia es James Krivda. Las Notas de Salida son kiwi, lichi rojo y membrillo; las Notas de Corazón son chocolate blanco, quequito (pastelito), orquídea y jazmín; las Notas de Fondo son almizcle, raíz de lirio y notas amaderadas. ",dulce,afrutados,tropical
https://fraguru.com/mdimg/perfume/375x500.69385.jpg,"Fantasy Sheer de Britney Spears es una fragancia de la familia olfativa Floral Frutal para Mujeres. Fantasy Sheer se lanzó en 2021. Las Notas de Salida son Agua de cítricos, lichi y membrillo; las Notas de Corazón son nenúfar (lirio de agua) y lirio de los valles (muguete); las Notas de Fondo son quequito (pastelito), almizcle blanco, iris y notas amaderadas. ",dulce,afrutados,cítrico
https://fraguru.com/mdimg/perfume/375x500.62891.jpg,"Festive Fantasy de Britney Spears es una fragancia de la familia olfativa Floral Frutal para Mujeres. Festive Fantasy se lanzó en 2020. Las Notas de Salida son Zarzamora, cereza ácida (guinda) y ciruela; las Notas de Corazón son fresia, azucena y jazmín; las Notas de Fondo son azúcar, vainilla, almizcle y sándalo. ",dulce,afrutados,avainillado
https://fraguru.com/mdimg/perfume/375x500.819.jpg,"Burberry Brit de Burberry es una fragancia de la familia olfativa Floral Frutal para Mujeres. Burberry Brit se lanzó en 2003. La Nariz detrás de esta fragrancia es Natalie Gracia-Cetto. Las Notas de Salida son almendra, lima (limón verde) y pera; las Notas de Corazón son almendras acarameladas, azúcar y peonía; las Notas de Fondo son vainilla, haba tonka, ámbar y caoba. ",dulce,avainillado,afrutados
https://fraguru.com/mdimg/perfume/375x500.153.jpg,"Aqva Pour Homme de Bvlgari es una fragancia de la familia olfativa Aromática Acuática para Hombres. Aqva Pour Homme se lanzó en 2005. La Nariz detrás de esta fragrancia es Jacques Cavallier. Las Notas de Salida son mandarina, naranja y petit grain; las Notas de Corazón son algas marinas, lavanda y flor del algodonero; las Notas de Fondo son cedro de Virginia, notas amaderadas, pachulí, esclarea y ámbar. ",cítrico,marino,aromático
https://fraguru.com/mdimg/perfume/375x500.68293.jpg,Bvlgari Man Terrae Essence de Bvlgari es una fragancia de la familia olfativa Amaderada para Hombres. Bvlgari Man Terrae Essence se lanzó en 2021. La Nariz detrás de esta fragrancia es Alberto Morillas. Las Notas de Salida son cidra y Calamansi; las Notas de Corazón son vetiver y raíz de lirio; las Notas de Fondo son Notas terrosas y styrax. ,terrosos,cítrico,amaderado
https://fraguru.com/mdimg/perfume/375x500.152.jpg,"Omnia Crystalline de Bvlgari es una fragancia de la familia olfativa Floral Acuática para Mujeres. Omnia Crystalline se lanzó en 2005. La Nariz detrás de esta fragrancia es Alberto Morillas. Las Notas de Salida son bambú y pera; las Notas de Corazón son flor de loto, té y casia; las Notas de Fondo son almizcle, madera de gaiac y musgo de roble. ",amaderado,florales,almizclado
https://fraguru.com/mdimg/perfume/375x500.152.jpg,"Omnia Crystalline de Bvlgari es una fragancia de la familia olfativa Floral Acuática para Mujeres. Omnia Crystalline se lanzó en 2005. La Nariz detrás de esta fragrancia es Alberto Morillas. Las Notas de Salida son bambú y pera; las Notas de Corazón son flor de loto, té y casia; las Notas de Fondo son almizcle, madera de gaiac y musgo de roble. ",amaderado,florales,almizclado
https://fraguru.com/mdimg/perfume/375x500.155.jpg,"Petits et Mamans de Bvlgari es una fragancia de la familia olfativa Almizcle Floral Amaderado para Mujeres. Petits et Mamans se lanzó en 1997. La Nariz detrás de esta fragrancia es Nathalie Lorson. Las Notas de Salida son palo de rosa de Brasil, naranja siciliana y bergamota; las Notas de Corazón son manzanilla, girasol y rosa; las Notas de Fondo son notas atalcadas, vainilla, iris y durazno blanco (melocotón blanco). ",atalcado,herbal,florales
https://fraguru.com/mdimg/perfume/375x500.236.jpg,"Anais Anais de Cacharel es una fragancia de la familia olfativa Floral para Mujeres. Anais Anais se lanzó en 1978. Anais Anais fue creada por Roger Pellegrino, Robert Gonnon, Paul Leger y Raymond Chaillan. Las Notas de Salida son azucena blanca, jacinto, madreselva, gálbano, flor de azahar del naranjo, lavanda, bergamota, grosellas negras y limón (lima ácida); las Notas de Corazón son azucena, lirio de los valles (muguete), jazmín de Marruecos, clavel, madreselva, nardos, iris, ylang-ylang, rosa y raíz de lirio; las Notas de Fondo son musgo de roble, incienso, almizcle, cuero, sándalo, vetiver, cedro, pachulí y ámbar. ",floral blanco,florales,verde
https://fraguru.com/mdimg/perfume/375x500.242.jpg,"Noa de Cacharel es una fragancia de la familia olfativa Almizcle Floral Amaderado para Mujeres. Noa se lanzó en 1998. La Nariz detrás de esta fragrancia es Olivier Cresp. Las Notas de Salida son almizcle blanco, peonía, fresia, notas verdes, durazno (melocotón) y ciruela; las Notas de Corazón son azucena, lirio de los valles (muguete), hierba verde, jazmín, ylang-ylang y rosa; las Notas de Fondo son café, vainilla, sándalo, cilantro, incienso, haba tonka y cedro. ",florales,floral blanco,almizclado
https://fraguru.com/mdimg/perfume/375x500.296.jpg,"212 de Carolina Herrera es una fragancia de la familia olfativa Almizcle Floral Amaderado para Mujeres. 212 se lanzó en 1997. La Nariz detrás de esta fragrancia es Alberto Morillas. Las Notas de Salida son flor de azahar del naranjo, flor de cactus, bergamota y mandarina; las Notas de Corazón son azucena, fresia, gardenia, jazmín, camelia blanca, lirio de los valles (muguete), rosa y peonía; las Notas de Fondo son almizcle y sándalo. ",floral blanco,florales,cítrico
https://fraguru.com/mdimg/perfume/375x500.296.jpg,"212 de Carolina Herrera es una fragancia de la familia olfativa Almizcle Floral Amaderado para Mujeres. 212 se lanzó en 1997. La Nariz detrás de esta fragrancia es Alberto Morillas. Las Notas de Salida son flor de azahar del naranjo, flor de cactus, bergamota y mandarina; las Notas de Corazón son azucena, fresia, gardenia, jazmín, camelia blanca, lirio de los valles (muguete), rosa y peonía; las Notas de Fondo son almizcle y sándalo. ",floral blanco,florales,cítrico
https://fraguru.com/mdimg/perfume/375x500.46093.jpg,"212 VIP Black de Carolina Herrera es una fragancia de la familia olfativa Aromática Fougère para Hombres. 212 VIP Black se lanzó en 2017. 212 VIP Black fue creada por Carlos Benaim y Anne Flipo. Las Notas de Salida son absenta, anís y hinojo; la Nota de Corazón es lavanda; las Notas de Fondo son vaina de vainilla negra y almizcle. ",aromático,avainillado,especiado suave
https://fraguru.com/mdimg/perfume/375x500.46093.jpg,"212 VIP Black de Carolina Herrera es una fragancia de la familia olfativa Aromática Fougère para Hombres. 212 VIP Black se lanzó en 2017. 212 VIP Black fue creada por Carlos Benaim y Anne Flipo. Las Notas de Salida son absenta, anís y hinojo; la Nota de Corazón es lavanda; las Notas de Fondo son vaina de vainilla negra y almizcle. ",aromático,avainillado,especiado suave
https://fraguru.com/mdimg/perfume/375x500.55449.jpg,"Bad Boy de Carolina Herrera es una fragancia de la familia olfativa Ámbar Especiada para Hombres. Bad Boy se lanzó en 2019. Bad Boy fue creada por Quentin Bisch y Louise Turner. Las Notas de Salida son pimienta blanca, bergamota y pimienta rosa; las Notas de Corazón son salvia y cedro; las Notas de Fondo son haba tonka y cacao. ",cálido especiado,ámbar,amaderado
https://fraguru.com/mdimg/perfume/375x500.55449.jpg,"Bad Boy de Carolina Herrera es una fragancia de la familia olfativa Ámbar Especiada para Hombres. Bad Boy se lanzó en 2019. Bad Boy fue creada por Quentin Bisch y Louise Turner. Las Notas de Salida son pimienta blanca, bergamota y pimienta rosa; las Notas de Corazón son salvia y cedro; las Notas de Fondo son haba tonka y cacao. ",cálido especiado,ámbar,amaderado
https://fraguru.com/mdimg/perfume/375x500.1734.jpg,"CH de Carolina Herrera es una fragancia de la familia olfativa Ámbar Floral para Mujeres. CH se lanzó en 2007. CH fue creada por Olivier Cresp y Rosendo Mateu. Las Notas de Salida son fruta tropical, bergamota, toronja (pomelo), limón de Amalfi (lima de Amalfi) y notas acuáticas; las Notas de Corazón son praliné, canela, flor del naranjo africano, jazmín y tintura de rosas; las Notas de Fondo son gamuza, pachulí, madera de cachemira, sándalo, almizcle, cedro de Virginia y ámbar. ",amaderado,cítrico,dulce
https://fraguru.com/mdimg/perfume/375x500.78640.jpg,"CH Pasión for Her de Carolina Herrera es una fragancia de la familia olfativa Ámbar Floral para Mujeres. Esta fragrancia es nueva. CH Pasión for Her se lanzó en 2023. CH Pasión for Her fue creada por Quentin Bisch y Nisrine Bouazzaoui Grillié. Las Notas de Salida son pera, bergamota y hojas de violeta; las Notas de Corazón son pimienta de Madagascar, petalia, jazmín sambac (sampaguita) y vetiver de Haití; las Notas de Fondo son vainilla, Vanilina, almizcle y cuero. ",avainillado,fresco especiado,dulce
https://fraguru.com/mdimg/perfume/375x500.41888.jpg,Carolina Herrera de Carolina Herrera es una fragancia de la familia olfativa Floral para Hombres y Mujeres. Carolina Herrera se lanzó en 2016. La Nariz detrás de esta fragrancia es Carlos Benaim. Las Notas de Salida son notas verdes y cítricos; las Notas de Corazón son nardos y jazmín; la Nota de Fondo es notas amaderadas. ,floral blanco,nardos,verde
https://fraguru.com/mdimg/perfume/375x500.39681.jpg,"Good Girl de Carolina Herrera es una fragancia de la familia olfativa Ámbar Floral para Mujeres. Good Girl se lanzó en 2016. Good Girl fue creada por Louise Turner y Quentin Bisch. Las Notas de Salida son almendra, café, bergamota y limón (lima ácida); las Notas de Corazón son nardos, jazmín sambac (sampaguita), flor de azahar del naranjo, raíz de lirio y rosa de Bulgaria (rosa Damascena de Bulgaria); las Notas de Fondo son haba tonka, cacao, vainilla, praliné, sándalo, almizcle, ámbar, madera de cachemira, canela, pachulí y cedro. ",dulce,floral blanco,cálido especiado
https://fraguru.com/mdimg/perfume/375x500.39681.jpg,"Good Girl de Carolina Herrera es una fragancia de la familia olfativa Ámbar Floral para Mujeres. Good Girl se lanzó en 2016. Good Girl fue creada por Louise Turner y Quentin Bisch. Las Notas de Salida son almendra, café, bergamota y limón (lima ácida); las Notas de Corazón son nardos, jazmín sambac (sampaguita), flor de azahar del naranjo, raíz de lirio y rosa de Bulgaria (rosa Damascena de Bulgaria); las Notas de Fondo son haba tonka, cacao, vainilla, praliné, sándalo, almizcle, ámbar, madera de cachemira, canela, pachulí y cedro. ",dulce,floral blanco,cálido especiado
https://fraguru.com/mdimg/perfume/375x500.48103.jpg,"Good Girl Légère de Carolina Herrera es una fragancia de la familia olfativa Ámbar Floral para Mujeres. Good Girl Légère se lanzó en 2018. La Nariz detrás de esta fragrancia es Louise Turner. Las Notas de Salida son ylang-ylang, mandarina, bergamota y limón (lima ácida); las Notas de Corazón son nardos, jazmín, flor de azahar del naranjo y rosa de Bulgaria (rosa Damascena de Bulgaria); las Notas de Fondo son dulce de leche, praliné, haba tonka, canela, madera de cachemira, sándalo, almizcle, ámbar, pachulí y cedro. ",dulce,lactónico,floral blanco
https://fraguru.com/mdimg/perfume/375x500.61769.jpg,Good Girl Suprême de Carolina Herrera es una fragancia de la familia olfativa Ámbar Floral para Mujeres. Good Girl Suprême se lanzó en 2020. La Nariz detrás de esta fragrancia es Louise Turner. Las Notas de Salida son frutas del bosque y jazmín egipcio; las Notas de Corazón son haba tonka y nardos; la Nota de Fondo es vetiver. ,floral blanco,avainillado,afrutados
https://fraguru.com/mdimg/perfume/375x500.72698.jpg,"Very Good Girl Glam de Carolina Herrera es una fragancia de la familia olfativa para Mujeres. Esta fragrancia es nueva. Very Good Girl Glam se lanzó en 2022. Very Good Girl Glam fue creada por Quentin Bisch, Louise Turner y Shyamala Maisondieu. Las Notas de Salida son cereza ácida (guinda) y almendra amarga; las Notas de Corazón son rosa y azucena; las Notas de Fondo son vainilla Bourbon y vetiver. ",acerezado,dulce,almendrado
https://fraguru.com/mdimg/perfume/375x500.307.jpg,"Declaration de Cartier es una fragancia de la familia olfativa Almizcle Amaderado Floral para Hombres. Declaration se lanzó en 1998. La Nariz detrás de esta fragrancia es Jean-Claude Ellena. Las Notas de Salida son naranja amarga, alcaravea, abedul, bergamota, cilantro, mandarina, neroli y abrótano; las Notas de Corazón son cardamomo guatemalteco, pimienta, jengibre, iris, enebro de Virginia, canela, raíz de lirio y jazmín; las Notas de Fondo son vetiver de Tahití, té, cedro, cuero, musgo de roble y ámbar. ",aromático,fresco especiado,cítrico
https://fraguru.com/mdimg/perfume/375x500.215.jpg,"Dior Addict de Dior es una fragancia de la familia olfativa Ámbar Floral para Mujeres. Dior Addict se lanzó en 2002. Dior Addict fue creada por Thierry Wasser y Christian Dussoulier. Las Notas de Salida son zarzamora (frambuesa negra), hojas de mandarina y flor de la acacia de Constantinopla (árbol de la seda); las Notas de Corazón son jazmín, reina de la noche, flor de azahar del naranjo y rosa; las Notas de Fondo son vainilla, haba tonka y Sándalo de Mysore. ",avainillado,floral blanco,dulce
https://fraguru.com/mdimg/perfume/375x500.228.jpg,"Fahrenheit de Dior es una fragancia de la familia olfativa Aromática Fougère para Hombres. Fahrenheit se lanzó en 1988. Fahrenheit fue creada por Jean-Louis Sieuzac, Michel Almairac y Maurice Roger. Las Notas de Salida son flor del moscadero, lavanda, cedro, manzanilla, mandarina, flor del espino, bergamota y limón (lima ácida); las Notas de Corazón son hojas de violeta, nuez moscada, cedro, sándalo, clavel, madreselva, jazmín y lirio de los valles (muguete); las Notas de Fondo son cuero, vetiver, almizcle, ámbar, pachulí y haba tonka. ",cuero,amaderado,ozónico
https://fraguru.com/mdimg/perfume/375x500.13016.jpg,"Dior Homme Intense 2011 de Dior es una fragancia de la familia olfativa Almizcle Amaderado Floral para Hombres. Dior Homme Intense 2011 se lanzó en 2011. La Nariz detrás de esta fragrancia es François Demachy. La Nota de Salida es lavanda; las Notas de Corazón son iris, almizcle ambreta y pera; las Notas de Fondo son cedro de Virginia y vetiver. ",iris,amaderado,atalcado
https://fraguru.com/mdimg/perfume/375x500.219.jpg,"Hypnotic Poison de Dior es una fragancia de la familia olfativa Ámbar Vainilla para Mujeres. Hypnotic Poison se lanzó en 1998. Hypnotic Poison fue creada por Annick Menardo y Christian Dussoulier. Las Notas de Salida son coco, ciruela y chabacano; las Notas de Corazón son palo de rosa de Brasil, jazmín, alcaravea, nardos, rosa y lirio de los valles (muguete); las Notas de Fondo son vainilla, almendra, sándalo y almizcle. ",avainillado,dulce,almendrado
https://fraguru.com/mdimg/perfume/375x500.210.jpg,"J'adore de Dior es una fragancia de la familia olfativa Floral Frutal para Mujeres. J'adore se lanzó en 1999. La Nariz detrás de esta fragrancia es Calice Becker. Las Notas de Salida son pera, melón, magnolia, durazno (melocotón), mandarina y bergamota; las Notas de Corazón son jazmín, lirio de los valles (muguete), nardos, fresia, rosa, orquídea, ciruela y violeta; las Notas de Fondo son almizcle, vainilla, zarzamora (frambuesa negra) y cedro. Este perfume es el ganador del premio FiFi Award Best National Advertising Campaign / TV 2007.",floral blanco,florales,afrutados
https://fraguru.com/mdimg/perfume/375x500.223.jpg,"Miss Dior de Dior es una fragancia de la familia olfativa Chipre Floral para Mujeres. Miss Dior se lanzó en 1947. Miss Dior fue creada por Jean Carles y Paul Vacher. Las Notas de Salida son aldehídos, gálbano, esclarea, gardenia y bergamota; las Notas de Corazón son narciso, iris, clavel, raíz de lirio, lirio de los valles (muguete), jazmín, rosa y neroli; las Notas de Fondo son musgo de roble, cuero, vetiver, pachulí, ládano, sándalo y ámbar. ",aromático,verde,amaderado
https://fraguru.com/mdimg/perfume/375x500.35561.jpg,"Poison Girl de Dior es una fragancia de la familia olfativa Ámbar Vainilla para Mujeres. Poison Girl se lanzó en 2016. La Nariz detrás de esta fragrancia es François Demachy. Las Notas de Salida son naranja amarga y limón (lima ácida); las Notas de Corazón son rosa de Damasco, rosa de Grasse y flor de azahar del naranjo; las Notas de Fondo son vainilla, almendra, haba tonka, bálsamo de Tolú, sándalo, cachemira y heliotropo. ",avainillado,dulce,almendrado
https://fraguru.com/mdimg/perfume/375x500.214.jpg,"Pure Poison de Dior es una fragancia de la familia olfativa Floral para Mujeres. Pure Poison se lanzó en 2004. Pure Poison fue creada por Carlos Benaim, Dominique Ropion y Olivier Polge. Las Notas de Salida son jazmín, naranja, bergamota y mandarina siciliana; las Notas de Corazón son gardenia y flor de azahar del naranjo; las Notas de Fondo son sándalo, ámbar blanco, cedro y almizcle blanco. ",floral blanco,cítrico,amaderado
https://fraguru.com/mdimg/perfume/375x500.48100.jpg,"Sauvage Eau de Parfum de Dior es una fragancia de la familia olfativa Ámbar Fougère para Hombres. Sauvage Eau de Parfum se lanzó en 2018. La Nariz detrás de esta fragrancia es François Demachy. La Nota de Salida es bergamota; las Notas de Corazón son pimienta de Sichuan, lavanda, anís estrellado y nuez moscada; las Notas de Fondo son ambroxan y vainilla. ",fresco especiado,cítrico,ámbar
https://fraguru.com/mdimg/perfume/375x500.31861.jpg,"Sauvage de Dior es una fragancia de la familia olfativa Aromática Fougère para Hombres. Sauvage se lanzó en 2015. La Nariz detrás de esta fragrancia es François Demachy. Las Notas de Salida son bergamota de Calabria y pimienta; las Notas de Corazón son pimienta de Sichuan, lavanda, pimienta rosa, vetiver, pachulí, geranio y elemí; las Notas de Fondo son ambroxan, cedro y ládano. ",fresco especiado,ámbar,cítrico
https://fraguru.com/mdimg/perfume/375x500.31861.jpg,"Sauvage de Dior es una fragancia de la familia olfativa Aromática Fougère para Hombres. Sauvage se lanzó en 2015. La Nariz detrás de esta fragrancia es François Demachy. Las Notas de Salida son bergamota de Calabria y pimienta; las Notas de Corazón son pimienta de Sichuan, lavanda, pimienta rosa, vetiver, pachulí, geranio y elemí; las Notas de Fondo son ambroxan, cedro y ládano. ",fresco especiado,ámbar,cítrico
https://fraguru.com/mdimg/perfume/375x500.31861.jpg,"Sauvage de Dior es una fragancia de la familia olfativa Aromática Fougère para Hombres. Sauvage se lanzó en 2015. La Nariz detrás de esta fragrancia es François Demachy. Las Notas de Salida son bergamota de Calabria y pimienta; las Notas de Corazón son pimienta de Sichuan, lavanda, pimienta rosa, vetiver, pachulí, geranio y elemí; las Notas de Fondo son ambroxan, cedro y ládano. ",fresco especiado,ámbar,cítrico
https://fraguru.com/mdimg/perfume/375x500.56324.jpg,"Sauvage Parfum de Dior es una fragancia de la familia olfativa Ámbar Fougère para Hombres. Sauvage Parfum se lanzó en 2019. La Nariz detrás de esta fragrancia es François Demachy. Las Notas de Salida son bergamota, mandarina y elemí; la Nota de Corazón es sándalo; las Notas de Fondo son incienso de olíbano (franquincienso), haba tonka y vainilla. ",cítrico,amaderado,ámbar
https://fraguru.com/mdimg/perfume/375x500.42944.jpg,"CK All de Calvin Klein es una fragancia de la familia olfativa Cítrica para Hombres y Mujeres. CK All se lanzó en 2017. CK All fue creada por Alberto Morillas y Harry Fremont. Las Notas de Salida son bergamota, mandarina y flor del pomelo; las Notas de Corazón son jazmín, ruibarbo, fresia y azucena; las Notas de Fondo son almizcle, ámbar y vetiver. ",cítrico,floral blanco,aromático
https://fraguru.com/mdimg/perfume/375x500.42944.jpg,"CK All de Calvin Klein es una fragancia de la familia olfativa Cítrica para Hombres y Mujeres. CK All se lanzó en 2017. CK All fue creada por Alberto Morillas y Harry Fremont. Las Notas de Salida son bergamota, mandarina y flor del pomelo; las Notas de Corazón son jazmín, ruibarbo, fresia y azucena; las Notas de Fondo son almizcle, ámbar y vetiver. ",cítrico,floral blanco,aromático
https://fraguru.com/mdimg/perfume/375x500.275.jpg,"CK be de Calvin Klein es una fragancia de la familia olfativa Almizcle Floral Amaderado para Hombres y Mujeres. CK be se lanzó en 1996. La Nariz detrás de esta fragrancia es René Morgenthaler. Las Notas de Salida son lavanda, notas verdes, bergamota, menta, enebro de Virginia y mandarina; las Notas de Corazón son hierba verde, durazno (melocotón), jazmín, fresia, magnolia y orquídea; las Notas de Fondo son almizcle, sándalo, cedro, vainilla, ámbar y opopónaco. ",verde,aromático,amaderado
https://fraguru.com/mdimg/perfume/375x500.8098.jpg,"Eternity Aqua for Men de Calvin Klein es una fragancia de la familia olfativa Amaderada Aromática para Hombres. Eternity Aqua for Men se lanzó en 2010. Las Notas de Salida son pepino, cítricos, notas verdes y flor de loto; las Notas de Corazón son ciruela, lavanda, pimienta de Sichuan y cedro de Virginia; las Notas de Fondo son almizcle, sándalo, pachulí y madera de gaiac. ",ozónico,acuático,verde
https://fraguru.com/mdimg/perfume/375x500.258.jpg,"Eternity For Men de Calvin Klein es una fragancia de la familia olfativa Aromática Fougère para Hombres. Eternity For Men se lanzó en 1990. La Nariz detrás de esta fragrancia es Carlos Benaim. Las Notas de Salida son lavanda, limón (lima ácida), bergamota y mandarina; las Notas de Corazón son salvia, bayas de enebro, albahaca, geranio, jazmín, cilantro, flor de azahar del naranjo, lirio de los valles (muguete) y azucena; las Notas de Fondo son sándalo, vetiver, almizcle, palo de rosa de Brasil y ámbar. ",aromático,cítrico,fresco especiado
https://fraguru.com/mdimg/perfume/375x500.258.jpg,"Eternity For Men de Calvin Klein es una fragancia de la familia olfativa Aromática Fougère para Hombres. Eternity For Men se lanzó en 1990. La Nariz detrás de esta fragrancia es Carlos Benaim. Las Notas de Salida son lavanda, limón (lima ácida), bergamota y mandarina; las Notas de Corazón son salvia, bayas de enebro, albahaca, geranio, jazmín, cilantro, flor de azahar del naranjo, lirio de los valles (muguete) y azucena; las Notas de Fondo son sándalo, vetiver, almizcle, palo de rosa de Brasil y ámbar. ",aromático,cítrico,fresco especiado
https://fraguru.com/mdimg/perfume/375x500.259.jpg,"Eternity Moment de Calvin Klein es una fragancia de la familia olfativa Floral para Mujeres. Eternity Moment se lanzó en 2004. Eternity Moment fue creada por Harry Fremont y Jacques Cavallier. Las Notas de Salida son lichi, frambuesa, melón y guayaba; las Notas de Corazón son peonía rosada de China, jazmín, nenúfar (lirio de agua) y flor de pasionaria; las Notas de Fondo son almizcle, palo de rosa de Brasil, madera de cachemira y sándalo. ",florales,fresco,afrutados
https://fraguru.com/mdimg/perfume/375x500.253.jpg,"Euphoria de Calvin Klein es una fragancia de la familia olfativa Ámbar Floral para Mujeres. Euphoria se lanzó en 2005. Euphoria fue creada por Dominique Ropion, Carlos Benaim y Loc Dong. Las Notas de Salida son granada, caqui (pérsimo) y acordes verdes; las Notas de Corazón son orquídea negra, flor de loto y champaca; las Notas de Fondo son caoba, ámbar, violeta negra y crema batida. Este perfume es el ganador del premio FiFi Award Fragrance Of The Year Women`s Luxe 2006.",amaderado,florales,atalcado
https://fraguru.com/mdimg/perfume/375x500.933.jpg,"CK IN2U for Him de Calvin Klein es una fragancia de la familia olfativa Aromática Fougère para Hombres. CK IN2U for Him se lanzó en 2007. CK IN2U for Him fue creada por Carlos Benaim, Bruno Jovanovic, Loc Dong y Jean-Marc Chaillan. Las Notas de Salida son limón (lima ácida) y hojas de tomatera; la Nota de Corazón es vaina de cacao; las Notas de Fondo son cedro, almizcle blanco y vetiver. ",aromático,cacao,cítrico
https://fraguru.com/mdimg/perfume/375x500.249.jpg,"Obsession for Men de Calvin Klein es una fragancia de la familia olfativa Ámbar Amaderada para Hombres. Obsession for Men se lanzó en 1986. La Nariz detrás de esta fragrancia es Robert Slattery. Las Notas de Salida son canela, lavanda, cilantro, mandarina, lima (limón verde), bergamota y toronja (pomelo); las Notas de Corazón son mirra, nuez moscada, clavel, palo de rosa de Brasil, pino, salvia, jazmín y bayas rojas; las Notas de Fondo son ámbar, vainilla, sándalo, almizcle, pachulí y vetiver. ",cálido especiado,amaderado,ámbar
https://fraguru.com/mdimg/perfume/375x500.276.jpg,"CK One de Calvin Klein es una fragancia de la familia olfativa Cítrica Aromática para Hombres y Mujeres. CK One se lanzó en 1994. CK One fue creada por Alberto Morillas y Harry Fremont. Las Notas de Salida son limón (lima ácida), notas verdes, bergamota, mandarina, piña, cardamomo y papaya; las Notas de Corazón son lirio de los valles (muguete), jazmín, violeta, nuez moscada, rosa, raíz de lirio y fresia; las Notas de Fondo son acordes verdes, almizcle, cedro, sándalo, musgo de roble, té verde y ámbar. ",cítrico,verde,amaderado
https://fraguru.com/mdimg/perfume/375x500.276.jpg,"CK One de Calvin Klein es una fragancia de la familia olfativa Cítrica Aromática para Hombres y Mujeres. CK One se lanzó en 1994. CK One fue creada por Alberto Morillas y Harry Fremont. Las Notas de Salida son limón (lima ácida), notas verdes, bergamota, mandarina, piña, cardamomo y papaya; las Notas de Corazón son lirio de los valles (muguete), jazmín, violeta, nuez moscada, rosa, raíz de lirio y fresia; las Notas de Fondo son acordes verdes, almizcle, cedro, sándalo, musgo de roble, té verde y ámbar. ",cítrico,verde,amaderado
https://fraguru.com/mdimg/perfume/375x500.12520.jpg,"CK One Shock For Him de Calvin Klein es una fragancia de la familia olfativa Ámbar Especiada para Hombres. CK One Shock For Him se lanzó en 2011. CK One Shock For Him fue creada por Ann Gottlieb y IFF. Las Notas de Salida son lavanda, clementina y pepino; las Notas de Corazón son cardamomo, pimienta, albahaca y osmanto (olivo oloroso); las Notas de Fondo son tabaco, ámbar, pachulí, notas amaderadas y almizcle. ",tabaco,cálido especiado,ámbar
https://fraguru.com/mdimg/perfume/375x500.12519.jpg,"CK One Shock For Her de Calvin Klein es una fragancia de la familia olfativa Ámbar Especiada para Mujeres. CK One Shock For Her se lanzó en 2011. CK One Shock For Her fue creada por Ann Gottlieb y IFF. Las Notas de Salida son flor de pasionaria, amapola roja y peonía; las Notas de Corazón son chocolate mexicano, zarzamora (frambuesa negra), narciso y jazmín; las Notas de Fondo son vainilla, almizcle, ámbar y pachulí. ",dulce,afrutados,avainillado
https://fraguru.com/mdimg/perfume/375x500.372.jpg,"Clinique Happy de Clinique es una fragancia de la familia olfativa Floral Frutal para Mujeres. Clinique Happy se lanzó en 1998. Clinique Happy fue creada por Jean Claude Delville y Rodrigo Flores-Roux. Las Notas de Salida son naranja, toronja sanguina, mandarina hindú, bergamota, manzana y ciruela; las Notas de Corazón son lirio de los valles (muguete), fresia, orquídea y rosa; las Notas de Fondo son mimosa, azucena, magnolia, almizcle y ámbar. ",cítrico,florales,floral blanco
https://fraguru.com/mdimg/perfume/375x500.373.jpg,"Clinique Happy de Clinique es una fragancia de la familia olfativa Cítrica Aromática para Hombres. Clinique Happy se lanzó en 1999. Las Notas de Salida son mandarina, lima (limón verde), notas marinas, limón (lima ácida) y notas verdes; las Notas de Corazón son fresia, jazmín, lirio de los valles (muguete) y rosa; las Notas de Fondo son ciprés, almizcle, cedro y madera de gaiac. ",cítrico,verde,aromático
https://fraguru.com/mdimg/perfume/375x500.60332.jpg,Coach Blue de Coach es una fragancia de la familia olfativa Aromática Especiada para Hombres. Coach Blue se lanzó en 2020. Las Notas de Salida son lima (limón verde) y absenta; las Notas de Corazón son notas ozónicas y pimienta negra; las Notas de Fondo son cedro y ámbar. ,cítrico,ozónico,aromático
https://fimgs.net/mdimg/perfume/375x500.38855.jpg,"Coach the Fragrance by Coach is a Floral fragrance for women. Coach the Fragrance was launched in 2016. Coach the Fragrance was created by Juliette Karagueuzoglou and Anne Flipo. Top notes are Raspberry Leaf, Pear and Pink Pepper; middle notes are Turkish Rose, Gardenia and Cyclamen; base notes are Suede, Musk, Cashmeran and Sandalwood. ",fruity,musky,rose
https://fraguru.com/mdimg/perfume/375x500.50777.jpg,"Coach Platinum de Coach es una fragancia de la familia olfativa Ámbar Amaderada para Hombres. Coach Platinum se lanzó en 2018. La Nariz detrás de esta fragrancia es Bruno Jovanovic. Las Notas de Salida son piña, pimienta negra y bayas de enebro; las Notas de Corazón son cachemira, salvia y geranio; las Notas de Fondo son vainilla, cuero, sándalo y pachulí. ",amaderado,fresco especiado,aromático
https://fimgs.net/mdimg/perfume/375x500.9371.jpg,"Coach Poppy by Coach is a Floral Fruity fragrance for women. Coach Poppy was launched in 2010. The nose behind this fragrance is Celine Barel. Top notes are Cucumber, Mandarin Orange and Freesia; middle notes are Sweet Notes, Water Lily, Rose, Jasmine and Gardenia; base notes are Marshmallow, Vanille, Sandalwood and Virginia Cedar. ",sweet,aquatic,ozonic
https://eebluperfumes.com/wp-content/uploads/2023/08/signature-color-1.jpeg,"nenúfar, mandarina verde , guayaba, violeta, miel, mimosa, flor de naranjo, jazmín.",Vainilla,Ámbar,Flor de naranjo
https://fraguru.com/mdimg/perfume/375x500.14599.jpg,"Coach Signature Summer Fragrance de Coach es una fragancia de la familia olfativa Floral Frutal para Mujeres. Coach Signature Summer Fragrance se lanzó en 2012. Las Notas de Salida son mandarina, flor de loto, gardenia y magnolia; las Notas de Corazón son jazmín, madreselva y genista; las Notas de Fondo son sándalo, almizcle y ámbar. ",floral blanco,florales,cítrico
https://fraguru.com/mdimg/perfume/375x500.72051.jpg,"Coach Wild Rose de Coach es una fragancia de la familia olfativa Floral Frutal para Mujeres. Esta fragrancia es nueva. Coach Wild Rose se lanzó en 2022. Las Notas de Salida son grosella roja y bergamota; las Notas de Corazón son rosa y jazmín sambac (sampaguita); las Notas de Fondo son ambroxan, haba tonka y musgo. ",rosas,afrutados,ámbar
https://fimgs.net/mdimg/perfume/375x500.84034.jpg,Cool Water Oceanic Edition by Davidoff is a Floral Aquatic fragrance for women. This is a new fragrance. Cool Water Oceanic Edition was launched in 2023. Top note is Water Notes; middle note is Rose; base note is Driftwood. ,aquatic,woody,fresh
https://fraguru.com/mdimg/perfume/375x500.507.jpg,"Cool Water de Davidoff es una fragancia de la familia olfativa Aromática Acuática para Hombres. Cool Water se lanzó en 1988. La Nariz detrás de esta fragrancia es Pierre Bourdon. Las Notas de Salida son agua de mar, lavanda, menta, notas verdes, romero, calone y cilantro; las Notas de Corazón son sándalo, neroli, geranio y jazmín; las Notas de Fondo son almizcle, musgo de roble, tabaco, cedro y ámbar gris. ",aromático,verde,marino
https://fraguru.com/mdimg/perfume/375x500.39383.jpg,"Bad de Diesel es una fragancia de la familia olfativa Amaderada Aromática para Hombres. Bad se lanzó en 2016. Bad fue creada por Anne Flipo y Carlos Benaim. Las Notas de Salida son lavanda, bergamota, cardamomo y hojas de violeta; las Notas de Corazón son caviar, raíz de lirio y salvia; las Notas de Fondo son notas amaderadas, tabaco, ambroxan, haba tonka y pachulí. ",aromático,amaderado,lavanda
https://fraguru.com/mdimg/perfume/375x500.1605.jpg,Fuel for Life Homme de Diesel es una fragancia de la familia olfativa Aromática Fougère para Hombres. Fuel for Life Homme se lanzó en 2007. Fuel for Life Homme fue creada por Annick Menardo y Jacques Cavallier. Las Notas de Salida son anís y toronja (pomelo); las Notas de Corazón son frambuesa y lavanda; las Notas de Fondo son notas amaderadas y heliotropo. ,afrutados,dulce,anís
https://fraguru.com/mdimg/perfume/375x500.5532.jpg,"Only The Brave de Diesel es una fragancia de la familia olfativa Ámbar Amaderada para Hombres. Only The Brave se lanzó en 2009. Only The Brave fue creada por Alienor Massenet, Olivier Polge y Pierre Wargnye. Las Notas de Salida son limón de Amalfi (lima de Amalfi) y mandarina; las Notas de Corazón son violeta, cedro de Virginia y cilantro; las Notas de Fondo son ámbar, cuero, benjuí, ládano francés y styrax. ",ámbar,cítrico,cuero
https://fraguru.com/mdimg/perfume/375x500.494.jpg,"Plus Plus Masculine de Diesel es una fragancia de la familia olfativa Ámbar Amaderada para Hombres. Plus Plus Masculine se lanzó en 1997. La Nariz detrás de esta fragrancia es Arturetto Landi. Las Notas de Salida son naranja, bergamota, hojas de palmera y heliotropo; las Notas de Corazón son jazmín, cilantro, abedul, violeta, salvia, notas verdes, cardamomo y lirio de los valles (muguete); las Notas de Fondo son canela, haba tonka, nuez moscada, sándalo, almizcle, pachulí, clavo de olor, anís, vetiver y musgo de roble. ",cálido especiado,cítrico,aromático
https://fraguru.com/mdimg/perfume/375x500.55037.jpg,Spirit Of The Brave de Diesel es una fragancia de la familia olfativa Ámbar Amaderada para Hombres. Spirit Of The Brave se lanzó en 2019. Las Notas de Salida son bergamota y gálbano; las Notas de Corazón son abeto y ciprés; las Notas de Fondo son haba tonka y ládano. ,aromático,amaderado,fresco especiado
https://fraguru.com/mdimg/perfume/375x500.504.jpg,"DKNY Women de Donna Karan es una fragancia de la familia olfativa Floral Frutal para Mujeres. DKNY Women se lanzó en 1999. Las Notas de Salida son hojas de tomatera, naranja, mandarina y chabacano; las Notas de Corazón son casia, nenúfar (lirio de agua), nenúfar amarillo, narciso amarillo, jazmín, heliotropo, ylang-ylang, orquídea y rosa; las Notas de Fondo son abedul, gamuza, sándalo, pachulí y ámbar. ",cítrico,aromático,verde
https://fraguru.com/mdimg/perfume/375x500.10914.jpg,"DKNY Golden Delicious de Donna Karan es una fragancia de la familia olfativa Almizcle Floral Amaderado para Mujeres. DKNY Golden Delicious se lanzó en 2010. Las Notas de Salida son manzana roja, flor del naranjo africano y ciruela; las Notas de Corazón son lirio de los valles (muguete), azucena, orquídea y rosa; las Notas de Fondo son sándalo, almizcle y madera de teca. ",floral blanco,afrutados,dulce
https://fraguru.com/mdimg/perfume/375x500.30221.jpg,"DKNY Women Summer 2015 de Donna Karan es una fragancia de la familia olfativa Chipre Floral para Mujeres. DKNY Women Summer 2015 se lanzó en 2015. Las Notas de Salida son toronja (pomelo) y naranja dulce; las Notas de Corazón son azucena, iris y clavel; las Notas de Fondo son resina de abeto, pachulí y vainilla. ",cítrico,amaderado,fresco especiado
https://fraguru.com/mdimg/perfume/375x500.44035.jpg,Light Blue Eau Intense Pour Homme de Dolce&Gabbana es una fragancia de la familia olfativa Amaderada Acuática para Hombres. Light Blue Eau Intense Pour Homme se lanzó en 2017. La Nariz detrás de esta fragrancia es Alberto Morillas. Las Notas de Salida son toronja (pomelo) y mandarina; las Notas de Corazón son agua de mar y enebro de Virginia; las Notas de Fondo son almizcle y Amberwood. ,aromático,cítrico,marino
https://fraguru.com/mdimg/perfume/375x500.485.jpg,"Light Blue de Dolce&Gabbana es una fragancia de la familia olfativa Floral Frutal para Mujeres. Light Blue se lanzó en 2001. La Nariz detrás de esta fragrancia es Olivier Cresp. Las Notas de Salida son limón siciliano (lima siciliana), manzana, cedro y campanilla; las Notas de Corazón son bambú, jazmín y rosa blanca; las Notas de Fondo son cedro, almizcle y ámbar. ",cítrico,amaderado,fresco
https://fraguru.com/mdimg/perfume/375x500.15336.jpg,"Dolce&Gabbana Pour Homme (2012) de Dolce&Gabbana es una fragancia de la familia olfativa Aromática Fougère para Hombres. Dolce&Gabbana Pour Homme (2012) se lanzó en 2012. Las Notas de Salida son cítricos, bergamota, neroli y mandarina; las Notas de Corazón son lavanda, salvia y pimienta; las Notas de Fondo son tabaco, haba tonka y cedro. ",cítrico,aromático,fresco especiado
https://fraguru.com/mdimg/perfume/375x500.2056.jpg,"The One for Men de Dolce&Gabbana es una fragancia de la familia olfativa Amaderada Especiada para Hombres. The One for Men se lanzó en 2008. La Nariz detrás de esta fragrancia es Olivier Polge. Las Notas de Salida son toronja (pomelo), cilantro y albahaca; las Notas de Corazón son jengibre, cardamomo y flor de azahar del naranjo; las Notas de Fondo son ámbar, tabaco y cedro. ",cálido especiado,ámbar,tabaco
https://fraguru.com/mdimg/perfume/375x500.2056.jpg,"The One for Men de Dolce&Gabbana es una fragancia de la familia olfativa Amaderada Especiada para Hombres. The One for Men se lanzó en 2008. La Nariz detrás de esta fragrancia es Olivier Polge. Las Notas de Salida son toronja (pomelo), cilantro y albahaca; las Notas de Corazón son jengibre, cardamomo y flor de azahar del naranjo; las Notas de Fondo son ámbar, tabaco y cedro. ",cálido especiado,ámbar,tabaco
https://fraguru.com/mdimg/perfume/375x500.51249.jpg,"The Only One de Dolce&Gabbana es una fragancia de la familia olfativa Ámbar Vainilla para Mujeres. The Only One se lanzó en 2018. Las Notas de Salida son violeta, naranja y bergamota; las Notas de Corazón son café, pera, iris, flor de azahar del naranjo y rosa; las Notas de Fondo son caramelo, vainilla y pachulí. ",caramelo,dulce,atalcado
https://fraguru.com/mdimg/perfume/375x500.2069.jpg,"Drakkar Noir de Guy Laroche es una fragancia de la familia olfativa Aromática Fougère para Hombres. Drakkar Noir se lanzó en 1982. La Nariz detrás de esta fragrancia es Pierre Wargnye. Las Notas de Salida son lavanda, limón (lima ácida), bergamota, romero, menta, cedrón (hierba luisa, verbena de olor), albahaca y abrótano; las Notas de Corazón son enebro de Virginia, cilantro, canela, clavel, ajenjo (absenta), angélica y jazmín; las Notas de Fondo son musgo de roble, cuero, abeto, agujas de pino, sándalo, vetiver, pachulí, cedro, ámbar y resinas. ",aromático,amaderado,fresco especiado
https://fraguru.com/mdimg/perfume/375x500.51413.jpg,"Wood for Him de DSQUARED² es una fragancia de la familia olfativa Almizcle Amaderado Floral para Hombres. Wood for Him se lanzó en 2018. Las Notas de Salida son limón siciliano (lima siciliana), bergamota de Calabria y mandarina; las Notas de Corazón son hojas de violeta, jengibre y cardamomo; las Notas de Fondo son maderas blancas, vetiver y ambroxan. ",cítrico,amaderado,aromático
